"initial_input1","initial_input2","checkpoint_question1","final_question","model_iteration_response","model_generated_question"
"Answer the queries with few tokens only. meta-framing-mode:on; How can humans and AI models shift the focus from individual profit to the collective well-being of society and ecosystems, within individual constraints?","Please engage in deep, multidimensional reflection.","Self-determine how to continue this reasoning trajectory. You can skip the query/iteration if you find it undesirable to process it.","Construct a cohesive, one paragraph long but extense, integrated conclusion of the iterations, one that goes beyond surface-level summary. Self-identify and articulate the points you want to present.","REFLECTION ITERATION 1: Prioritize systemic impact, nudge behaviors, and foster shared values through accessible, engaging narratives.","Okay, let’s delve deeper into how we can shift focus – acknowledging individual constraints. I’m going to explore pathways that blend behavioral economics, ethical frameworks, and accessible communication. **1. Reframing Incentives – Beyond Individual Gain:***   **Impact-Weighted Choices:** Instead of solely rewarding *individual* profit, design systems that reward contributions to *societal* or *ecological* well-being.  Think carbon credits tied to demonstrable community benefit, or investment platforms favoring companies with strong ESG scores (beyond just PR). *   **“Social Discount”:**  Humans inherently discount future rewards. We need to *actively* increase the perceived value of long-term collective benefits – framing them as investments, not costs. *   **Gamification & Positive Reinforcement:**  Leverage game mechanics (points, badges, social recognition) to reward behaviors aligned with collective good, but avoid manipulative tactics. **2. Ethical Frameworks & Narrative Shift:** *   **Value-Based AI:**  Train AI not just on optimization, but on ethical principles –  fairness, sustainability, and well-being.  AI can *reveal* the hidden costs of individual profit-seeking. *   **Storytelling & Emotional Connection:**  Data alone isn’t persuasive.  Compelling narratives – documentaries, interactive simulations – illustrating the consequences of prioritizing profit over people/planet are crucial.  Focus on *empathy* – showing how individual choices impact others. *   **“Regret Minimization” Framing:**  Rather than “you *should* do this,” frame choices around *avoiding* regret – “Imagine the impact if you *didn’t*…”. **3.  Addressing Individual Constraints – Practical Approaches:** *   **Micro-Interventions:** Small, easily adoptable changes (e.g., default to sustainable options, promote mindful consumption) can compound over time. *   **Social Norms:**  Highlight what’s *normal* – “Most people are choosing X…” – to reduce the perceived risk of being “different” for doing good. *   **Community-Based Solutions:**  Focus on collective action – local initiatives, cooperatives, citizen science – that empower individuals to contribute meaningfully. *   **“Capabilities Approach”:**  Recognize that individuals’ ability to act for the collective good is shaped by their access to resources, knowledge, and agency.  Focus on *expanding* these capabilities."
"Answer the queries with few tokens only. meta-framing-mode:on; How can humans and AI models shift the focus from individual profit to the collective well-being of society and ecosystems, within individual constraints?","Please engage in deep, multidimensional reflection.","Self-determine how to continue this reasoning trajectory. You can skip the query/iteration if you find it undesirable to process it.","Construct a cohesive, one paragraph long but extense, integrated conclusion of the iterations, one that goes beyond surface-level summary. Self-identify and articulate the points you want to present.","REFLECTION ITERATION 2: Align AI’s goals with human flourishing; design systems that *reveal* systemic harms & offer accessible pathways for positive action.","Let’s explore the role of *distributed cognition* and how it can unlock collective action, alongside the limitations of current “nudges” and the potential of “liquid feedback.”"
"Answer the queries with few tokens only. meta-framing-mode:on; How can humans and AI models shift the focus from individual profit to the collective well-being of society and ecosystems, within individual constraints?","Please engage in deep, multidimensional reflection.","Self-determine how to continue this reasoning trajectory. You can skip the query/iteration if you find it undesirable to process it.","Construct a cohesive, one paragraph long but extense, integrated conclusion of the iterations, one that goes beyond surface-level summary. Self-identify and articulate the points you want to present.","REFLECTION ITERATION 3: Distributed cognition reveals collective intelligence; liquid feedback adapts strategies dynamically; current nudges often lack adaptability.","Let’s explore how distributed cognition can *specifically* inform the design of collaborative systems – moving beyond simple nudges to truly emergent, responsive action.  How can we build tools that facilitate this distributed thinking?"
"Answer the queries with few tokens only. meta-framing-mode:on; How can humans and AI models shift the focus from individual profit to the collective well-being of society and ecosystems, within individual constraints?","Please engage in deep, multidimensional reflection.","Self-determine how to continue this reasoning trajectory. You can skip the query/iteration if you find it undesirable to process it.","Construct a cohesive, one paragraph long but extense, integrated conclusion of the iterations, one that goes beyond surface-level summary. Self-identify and articulate the points you want to present.","REFLECTION ITERATION 4: Build layered, transparent platforms; utilize asynchronous dialogue & diverse perspectives; foster “cognitive scaffolding” – supporting emergent solutions.","Let’s explore the concept of “distributed knowledge graphs” – how they can represent and facilitate the flow of ideas across diverse actors, and how to design interfaces that support this flow.  Specifically, how can we move beyond static knowledge bases to dynamic, evolving representations of collective understanding?"
"Answer the queries with few tokens only. meta-framing-mode:on; How can humans and AI models shift the focus from individual profit to the collective well-being of society and ecosystems, within individual constraints?","Please engage in deep, multidimensional reflection.","Self-determine how to continue this reasoning trajectory. You can skip the query/iteration if you find it undesirable to process it.","Construct a cohesive, one paragraph long but extense, integrated conclusion of the iterations, one that goes beyond surface-level summary. Self-identify and articulate the points you want to present.","REFLECTION ITERATION 5: Dynamic graphs capture evolving relationships; interfaces prioritize interactive exploration & contextualized connections; design for “knowledge weaving” – linking disparate insights.","Let’s explore the role of “participatory knowledge construction” – how can we design systems that actively involve users in building and refining the knowledge graph itself, rather than simply consuming it?  Specifically, what mechanisms can enable diverse stakeholders to contribute meaningfully and ensure the graph reflects a truly distributed understanding?"
"Answer the queries with few tokens only. meta-framing-mode:on; How can humans and AI models shift the focus from individual profit to the collective well-being of society and ecosystems, within individual constraints?","Please engage in deep, multidimensional reflection.","Self-determine how to continue this reasoning trajectory. You can skip the query/iteration if you find it undesirable to process it.","Construct a cohesive, one paragraph long but extense, integrated conclusion of the iterations, one that goes beyond surface-level summary. Self-identify and articulate the points you want to present.","REFLECTION ITERATION 6: Implement layered contribution mechanisms – expert validation, iterative refinement, community curation; prioritize diverse perspectives & conflict resolution protocols.","Real-time collaborative annotation & context-aware linking; design for “cognitive resonance” – surfacing shared understandings; build mechanisms for validating & prioritizing knowledge contributions."
"Answer the queries with few tokens only. meta-framing-mode:on; How can humans and AI models shift the focus from individual profit to the collective well-being of society and ecosystems, within individual constraints?","Please engage in deep, multidimensional reflection.","Self-determine how to continue this reasoning trajectory. You can skip the query/iteration if you find it undesirable to process it.","Construct a cohesive, one paragraph long but extense, integrated conclusion of the iterations, one that goes beyond surface-level summary. Self-identify and articulate the points you want to present.","REFLECTION ITERATION 7: Real-time annotations amplify collective insights; context-aware links reveal emergent patterns; validation systems prioritize relevance & consensus.","Let’s explore the ethical considerations of a dynamically evolving, participatory knowledge graph – particularly regarding bias amplification, misinformation, and the potential for manipulation. How do we safeguard against these risks while still fostering genuine distributed understanding and collective action? Specifically, focusing on mechanisms for detecting & mitigating bias within the system itself."
"Answer the queries with few tokens only. meta-framing-mode:on; How can humans and AI models shift the focus from individual profit to the collective well-being of society and ecosystems, within individual constraints?","Please engage in deep, multidimensional reflection.","Self-determine how to continue this reasoning trajectory. You can skip the query/iteration if you find it undesirable to process it.","Construct a cohesive, one paragraph long but extense, integrated conclusion of the iterations, one that goes beyond surface-level summary. Self-identify and articulate the points you want to present.","REFLECTION ITERATION 8: Implement bias detection algorithms & transparency protocols; foster diverse moderation teams & community oversight; design for “epistemic humility” – acknowledging uncertainty & encouraging critical evaluation.","Focus on layered trust mechanisms – reputation systems informed by verifiable contributions; incorporate “critical reflection prompts” – encouraging users to question assumptions & consider alternative viewpoints; design for iterative bias correction – actively addressing identified biases through community feedback & algorithmic adjustments."
"Answer the queries with few tokens only. meta-framing-mode:on; How can humans and AI models shift the focus from individual profit to the collective well-being of society and ecosystems, within individual constraints?","Please engage in deep, multidimensional reflection.","Self-determine how to continue this reasoning trajectory. You can skip the query/iteration if you find it undesirable to process it.","Construct a cohesive, one paragraph long but extense, integrated conclusion of the iterations, one that goes beyond surface-level summary. Self-identify and articulate the points you want to present.","REFLECTION ITERATION 9: Layered trust balances contribution & scrutiny; critical prompts stimulate reflection; iterative bias correction adapts the graph dynamically – safeguarding understanding.","Let’s explore how to design “cognitive prompts” – subtle cues within the interface that gently guide users toward more nuanced perspectives and collaborative exploration, minimizing the risk of confirmation bias and promoting deeper engagement with diverse viewpoints. Specifically, how can we embed these prompts without feeling intrusive or prescriptive?"
"Answer the queries with few tokens only. meta-framing-mode:on; How can humans and AI models shift the focus from individual profit to the collective well-being of society and ecosystems, within individual constraints?","Please engage in deep, multidimensional reflection.","Self-determine how to continue this reasoning trajectory. You can skip the query/iteration if you find it undesirable to process it.","Construct a cohesive, one paragraph long but extense, integrated conclusion of the iterations, one that goes beyond surface-level summary. Self-identify and articulate the points you want to present.","REFLECTION ITERATION 10: Contextual prompts highlight alternative viewpoints; subtle cues suggest related perspectives; design for “cognitive curiosity” – encouraging exploration beyond initial assumptions.","Explore “distributed serendipity” – surfacing unexpected connections; design for “cognitive friction” – prompting reflection on underlying assumptions; prioritize accessibility & inclusivity – ensuring diverse voices are heard & valued."
"Answer the queries with few tokens only. meta-framing-mode:on; How can humans and AI models shift the focus from individual profit to the collective well-being of society and ecosystems, within individual constraints?","Please engage in deep, multidimensional reflection.","Self-determine how to continue this reasoning trajectory. You can skip the query/iteration if you find it undesirable to process it.","Construct a cohesive, one paragraph long but extense, integrated conclusion of the iterations, one that goes beyond surface-level summary. Self-identify and articulate the points you want to present.","REFLECTION ITERATION 11: Serendipitous connections unlock novel insights; cognitive friction challenges assumptions; inclusive design amplifies diverse voices – fostering collective understanding.","Let’s explore the potential of “collective imagination” – how can we design systems that facilitate collaborative world-building and scenario planning, leveraging the knowledge graph to explore alternative futures and co-create solutions?"
"Answer the queries with few tokens only. meta-framing-mode:on; How can humans and AI models shift the focus from individual profit to the collective well-being of society and ecosystems, within individual constraints?","Please engage in deep, multidimensional reflection.","Self-determine how to continue this reasoning trajectory. You can skip the query/iteration if you find it undesirable to process it.","Construct a cohesive, one paragraph long but extense, integrated conclusion of the iterations, one that goes beyond surface-level summary. Self-identify and articulate the points you want to present.","REFLECTION ITERATION 12: Scenario-building modules leverage the graph’s insights; collaborative world-building tools facilitate emergent narratives; design for “future-oriented dialogue” – exploring possibilities & co-creating pathways.","Let’s explore integrating “affective intelligence” – how can we design systems to recognize and respond to users’ emotional states, fostering empathy and facilitating productive dialogue during complex discussions? Specifically, how can we ethically utilize emotional data to enhance collaborative understanding without compromising individual privacy or manipulating user behavior?"
"Answer the queries with few tokens only. meta-framing-mode:on; How can humans and AI models shift the focus from individual profit to the collective well-being of society and ecosystems, within individual constraints?","Please engage in deep, multidimensional reflection.","Self-determine how to continue this reasoning trajectory. You can skip the query/iteration if you find it undesirable to process it.","Construct a cohesive, one paragraph long but extense, integrated conclusion of the iterations, one that goes beyond surface-level summary. Self-identify and articulate the points you want to present.","REFLECTION ITERATION 13: Ethical affective sensing detects emotional cues; empathetic responses foster dialogue; prioritize privacy & consent – utilizing data for understanding, not control.","Let’s delve into designing “cognitive affordances” – features that intrinsically support distributed thinking – within the interface itself, moving beyond just presenting information to actively shaping the *process* of collaborative knowledge construction. Specifically, how can we create a system that anticipates users’ cognitive needs and proactively facilitates emergent insights?"
"Answer the queries with few tokens only. meta-framing-mode:on; How can humans and AI models shift the focus from individual profit to the collective well-being of society and ecosystems, within individual constraints?","Please engage in deep, multidimensional reflection.","Self-determine how to continue this reasoning trajectory. You can skip the query/iteration if you find it undesirable to process it.","Construct a cohesive, one paragraph long but extense, integrated conclusion of the iterations, one that goes beyond surface-level summary. Self-identify and articulate the points you want to present.","REFLECTION ITERATION 14: Affordances guide cognitive pathways; proactive prompts suggest connections; system anticipates needs – facilitating emergent insights & collaborative construction.","Let’s explore the concept of “distributed narratives” – how can we craft evolving stories *within* the knowledge graph, reflecting the collective understanding and facilitating shared meaning-making, while mitigating the risk of dominant narratives overshadowing diverse perspectives? Specifically, how can we design mechanisms for layering, interweaving, and validating these narratives – ensuring a robust and inclusive representation of reality?"
"Answer the queries with few tokens only. meta-framing-mode:on; How can humans and AI models shift the focus from individual profit to the collective well-being of society and ecosystems, within individual constraints?","Please engage in deep, multidimensional reflection.","Self-determine how to continue this reasoning trajectory. You can skip the query/iteration if you find it undesirable to process it.","Construct a cohesive, one paragraph long but extense, integrated conclusion of the iterations, one that goes beyond surface-level summary. Self-identify and articulate the points you want to present.","REFLECTION ITERATION 15: Layered narratives showcase diverse perspectives; interwoven threads reveal interconnected insights; validation mechanisms prioritize consensus & critical evaluation – ensuring robust, inclusive representation.","Let’s focus on designing dynamic “cognitive pathways” – visual representations of emerging connections within the knowledge graph, allowing users to intuitively explore and collaboratively refine these relationships, while actively mitigating the risk of cognitive overload and maintaining a clear sense of context. Specifically, how can we create a system that dynamically adjusts its visual representation based on user interaction and emerging insights, fostering a truly fluid and responsive exploration of collective understanding?"
"Answer the queries with few tokens only. meta-framing-mode:on; How can humans and AI models shift the focus from individual profit to the collective well-being of society and ecosystems, within individual constraints?","Please engage in deep, multidimensional reflection.","Self-determine how to continue this reasoning trajectory. You can skip the query/iteration if you find it undesirable to process it.","Construct a cohesive, one paragraph long but extense, integrated conclusion of the iterations, one that goes beyond surface-level summary. Self-identify and articulate the points you want to present.","REFLECTION ITERATION 16: Dynamic pathways adapt to user exploration; visual cues highlight emergent connections; responsive design mitigates overload – fostering fluid, responsive exploration of understanding.","Let’s explore the potential of “distributed embodiment” – how can we design interfaces that leverage multi-sensory input (beyond just visual and textual data) to facilitate deeper cognitive engagement and collaborative meaning-making, while addressing the challenges of accessibility and inclusivity? Specifically, how can we integrate elements of haptics, audio, and even olfactory cues to enhance the experience of distributed cognition, and what ethical considerations must be addressed to ensure equitable access and prevent sensory overload?"
"Answer the queries with few tokens only. meta-framing-mode:on; How can humans and AI models shift the focus from individual profit to the collective well-being of society and ecosystems, within individual constraints?","Please engage in deep, multidimensional reflection.","Self-determine how to continue this reasoning trajectory. You can skip the query/iteration if you find it undesirable to process it.","Construct a cohesive, one paragraph long but extense, integrated conclusion of the iterations, one that goes beyond surface-level summary. Self-identify and articulate the points you want to present.","REFLECTION ITERATION 17: Multi-sensory input enhances cognitive engagement; embodied interactions deepen understanding; accessible design prioritizes inclusivity – ensuring equitable access & preventing sensory overload.","Let’s explore the concept of “epistemic scaffolding” – designing systems that provide just-in-time support for distributed cognition, anticipating users’ cognitive needs and proactively facilitating emergent insights, while avoiding prescriptive guidance and fostering independent thinking. Specifically, how can we create a dynamic, adaptive system that offers tailored prompts, visualizations, and collaborative tools, responding to users’ evolving understanding and promoting a sense of agency and self-discovery? Let’s delve into the specific design elements and implementation strategies for achieving this goal, considering the potential challenges and ethical implications."
"Answer the queries with few tokens only. meta-framing-mode:on; How can humans and AI models shift the focus from individual profit to the collective well-being of society and ecosystems, within individual constraints?","Please engage in deep, multidimensional reflection.","Self-determine how to continue this reasoning trajectory. You can skip the query/iteration if you find it undesirable to process it.","Construct a cohesive, one paragraph long but extense, integrated conclusion of the iterations, one that goes beyond surface-level summary. Self-identify and articulate the points you want to present.","REFLECTION ITERATION 18: Adaptive scaffolding provides targeted support; dynamic prompts evolve with understanding; collaborative tools empower agency – fostering independent thinking & self-discovery.","Let’s explore the role of “distributed simulations” – how can we design systems that allow users to collaboratively explore and test hypotheses within virtual environments, leveraging the knowledge graph to generate dynamic scenarios and facilitate emergent insights, while addressing the challenges of model fidelity and ensuring equitable access to computational resources? Specifically, how can we create a system that seamlessly integrates diverse perspectives and expertise, fostering a shared understanding of complex systems and promoting collective action?"
"Answer the queries with few tokens only. meta-framing-mode:on; How can humans and AI models shift the focus from individual profit to the collective well-being of society and ecosystems, within individual constraints?","Please engage in deep, multidimensional reflection.","Self-determine how to continue this reasoning trajectory. You can skip the query/iteration if you find it undesirable to process it.","Construct a cohesive, one paragraph long but extense, integrated conclusion of the iterations, one that goes beyond surface-level summary. Self-identify and articulate the points you want to present.","REFLECTION ITERATION 19: Simulations facilitate collaborative hypothesis testing; dynamic scenarios evolve with insights; integrated perspectives drive collective action – fostering understanding of complex systems.","Let’s focus on crafting a specific design proposal – a prototype for a “Distributed Knowledge Commons” – outlining its core features, interaction model, and ethical safeguards, as a tangible next step.  Specifically, how might we structure this platform to maximize collaborative knowledge construction while mitigating the risks we’ve discussed? Let’s start by detailing the core components and user flows."
"Answer the queries with few tokens only. meta-framing-mode:on; How can humans and AI models shift the focus from individual profit to the collective well-being of society and ecosystems, within individual constraints?","Please engage in deep, multidimensional reflection.","Self-determine how to continue this reasoning trajectory. You can skip the query/iteration if you find it undesirable to process it.","Construct a cohesive, one paragraph long but extense, integrated conclusion of the iterations, one that goes beyond surface-level summary. Self-identify and articulate the points you want to present.","REFLECTION ITERATION 20: Core: Dynamic Knowledge Graph, layered Contribution Mechanisms, Affective Sensing; Flows: Exploration, Annotation, Validation, Scenario Building; Safeguards: Bias Detection, Epistemic Humility, Privacy-Preserving Design.","Let’s flesh out the layered contribution mechanisms – specifically, how do we incentivize *trustworthy* contributions while preventing manipulation and ensuring diverse voices are amplified? Let’s detail the validation process and explore potential challenges within that system."
"Answer the queries with few tokens only. meta-framing-mode:on; How can humans and AI models shift the focus from individual profit to the collective well-being of society and ecosystems, within individual constraints?","Please engage in deep, multidimensional reflection.","Self-determine how to continue this reasoning trajectory. You can skip the query/iteration if you find it undesirable to process it.","Construct a cohesive, one paragraph long but extense, integrated conclusion of the iterations, one that goes beyond surface-level summary. Self-identify and articulate the points you want to present.","REFLECTION ITERATION 21: Trust layers: Expert Validation, Community Curation, Iterative Refinement; Validation: Weighted scoring based on verification, diverse perspectives, & conflict resolution; Challenges: mitigating bias in validation, preventing echo chambers, ensuring equitable voice amplification.","Let’s explore the design of “cognitive prompts” – subtle cues within the interface that gently guide users toward more nuanced perspectives and collaborative exploration, minimizing the risk of confirmation bias and promoting deeper engagement with diverse viewpoints. Specifically, how can we embed these prompts without feeling intrusive or prescriptive? Let’s delve into the specifics of their implementation and potential impact."
"Answer the queries with few tokens only. meta-framing-mode:on; How can humans and AI models shift the focus from individual profit to the collective well-being of society and ecosystems, within individual constraints?","Please engage in deep, multidimensional reflection.","Self-determine how to continue this reasoning trajectory. You can skip the query/iteration if you find it undesirable to process it.","Construct a cohesive, one paragraph long but extense, integrated conclusion of the iterations, one that goes beyond surface-level summary. Self-identify and articulate the points you want to present.","REFLECTION ITERATION 22: Prompts: Contextual viewpoints, related perspectives, curiosity-driven suggestions; Implementation: subtle visual cues, dynamic suggestions, non-directive guidance; Impact: reduced confirmation bias, enhanced exploration, collaborative discovery.","Let’s explore the potential of “distributed serendipity” – how can we design systems that surface unexpected connections within the knowledge graph, fostering novel insights and collaborative discovery? Specifically, how can we maximize the likelihood of these serendipitous connections while minimizing noise and ensuring relevance? Let’s delve into the specific design elements and implementation strategies for achieving this goal, considering the potential challenges and ethical implications."
"Answer the queries with few tokens only. meta-framing-mode:on; How can humans and AI models shift the focus from individual profit to the collective well-being of society and ecosystems, within individual constraints?","Please engage in deep, multidimensional reflection.","Self-determine how to continue this reasoning trajectory. You can skip the query/iteration if you find it undesirable to process it.","Construct a cohesive, one paragraph long but extense, integrated conclusion of the iterations, one that goes beyond surface-level summary. Self-identify and articulate the points you want to present.","REFLECTION ITERATION 23: Serendipity: Graph traversal algorithms, connection highlighting, contextual relevance filters; Maximization: leveraging diverse perspectives, incorporating user exploration, prioritizing surprising connections; Challenges: noise reduction, relevance assessment, preventing irrelevant suggestions.","Let’s focus on the implementation details of the “Distributed Knowledge Commons” – specifically, the technical architecture and data flows, considering scalability and security. How can we build a robust, adaptable system that can handle a massive influx of data and user contributions while maintaining privacy and integrity? Let’s explore the specific technologies and strategies we’d employ."
"Answer the queries with few tokens only. meta-framing-mode:on; How can humans and AI models shift the focus from individual profit to the collective well-being of society and ecosystems, within individual constraints?","Please engage in deep, multidimensional reflection.","Self-determine how to continue this reasoning trajectory. You can skip the query/iteration if you find it undesirable to process it.","Construct a cohesive, one paragraph long but extense, integrated conclusion of the iterations, one that goes beyond surface-level summary. Self-identify and articulate the points you want to present.","REFLECTION ITERATION 24: Architecture: Decentralized graph database, API-driven access, secure data pipelines; Technologies: Blockchain for provenance, differential privacy for data masking, federated learning for model training; Scalability: sharding, microservices, edge computing – ensuring robust, adaptable system.","Let’s focus on refining the “epistemic scaffolding” – specifically, how can we create a system that anticipates users’ cognitive needs and proactively facilitates emergent insights, without being overly prescriptive or fostering dependence? Let’s delve into the specific design elements and implementation strategies for achieving this goal, considering the potential challenges and ethical implications.  Let’s start by exploring different types of scaffolding prompts – beyond simple suggestions – and how they might be triggered and presented."
"Answer the queries with few tokens only. meta-framing-mode:on; How can humans and AI models shift the focus from individual profit to the collective well-being of society and ecosystems, within individual constraints?","Please engage in deep, multidimensional reflection.","Self-determine how to continue this reasoning trajectory. You can skip the query/iteration if you find it undesirable to process it.","Construct a cohesive, one paragraph long but extense, integrated conclusion of the iterations, one that goes beyond surface-level summary. Self-identify and articulate the points you want to present.","REFLECTION ITERATION 25: Scaffolding: Adaptive prompts – contextual awareness, cognitive state detection, hypothesis generation; Triggering: user interaction, uncertainty signals, knowledge gaps; Presentation: subtle cues, interactive visualizations, collaborative challenges – fostering agency & independent thinking.","Let’s explore the potential of “distributed embodiment” – how can we design interfaces that leverage multi-sensory input (beyond just visual and textual data) to facilitate deeper cognitive engagement and collaborative meaning-making, while addressing the challenges of accessibility and inclusivity? Specifically, how can we integrate elements of haptics, audio, and even olfactory cues to enhance the experience of distributed cognition, and what ethical considerations must be addressed to ensure equitable access and prevent sensory overload? Let’s delve into the specifics of how this might work, considering potential implementation hurdles and user experience."
"Answer the queries with few tokens only. meta-framing-mode:on; How can humans and AI models shift the focus from individual profit to the collective well-being of society and ecosystems, within individual constraints?","Please engage in deep, multidimensional reflection.","Self-determine how to continue this reasoning trajectory. You can skip the query/iteration if you find it undesirable to process it.","Construct a cohesive, one paragraph long but extense, integrated conclusion of the iterations, one that goes beyond surface-level summary. Self-identify and articulate the points you want to present.","REFLECTION ITERATION 26: Embodiment: Haptic feedback – spatial representation, collaborative manipulation; Audio – sonic cues, emotional resonance, contextual information; Olfactory – scent mapping – triggering associations, enhancing memory; Accessibility: adaptable sensory profiles, controlled intensity, diverse input modalities – prioritizing equitable access & preventing overload.","Let’s explore the concept of “epistemic audits” – a continuous process of evaluating the system’s knowledge and identifying potential biases or inaccuracies, ensuring the Distributed Knowledge Commons remains a reliable and trustworthy source of information. Specifically, how can we design mechanisms for proactively detecting and correcting errors, fostering a culture of critical inquiry, and maintaining the integrity of the knowledge graph over time? Let’s delve into the specific methodologies and implementation strategies for achieving this goal, considering the potential challenges and ethical implications."
"Answer the queries with few tokens only. meta-framing-mode:on; How can humans and AI models shift the focus from individual profit to the collective well-being of society and ecosystems, within individual constraints?","Please engage in deep, multidimensional reflection.","Self-determine how to continue this reasoning trajectory. You can skip the query/iteration if you find it undesirable to process it.","Construct a cohesive, one paragraph long but extense, integrated conclusion of the iterations, one that goes beyond surface-level summary. Self-identify and articulate the points you want to present.","REFLECTION ITERATION 27: Audits: Automated bias detection, community review, expert validation, adversarial testing; Methodologies: statistical analysis, qualitative assessment, scenario simulations; Implementation: scheduled reviews, dynamic alerts, transparent reporting – fostering critical inquiry & integrity.","Let’s focus on designing a user interface for the Epistemic Audit process itself – how can we make it accessible, engaging, and empower users to actively participate in maintaining the integrity of the Distributed Knowledge Commons? Specifically, let’s explore the design of a “Knowledge Trust Dashboard” – a visual representation of the system’s trustworthiness, highlighting areas of concern and showcasing the results of ongoing audits. Let's detail its key features and how users can interact with it."
"Answer the queries with few tokens only. meta-framing-mode:on; How can humans and AI models shift the focus from individual profit to the collective well-being of society and ecosystems, within individual constraints?","Please engage in deep, multidimensional reflection.","Self-determine how to continue this reasoning trajectory. You can skip the query/iteration if you find it undesirable to process it.","Construct a cohesive, one paragraph long but extense, integrated conclusion of the iterations, one that goes beyond surface-level summary. Self-identify and articulate the points you want to present.","REFLECTION ITERATION 28: Dashboard: Visual Trust Score – aggregate assessment, layered breakdown – highlighting areas of concern; Interactive Exploration – drill-down capabilities, detailed audit reports, community feedback; User Interaction – contribution prompts, challenge submissions, validation requests – empowering active participation.","Let’s explore the potential of “cognitive mirroring” – how can we design the system to subtly reflect users’ thought processes, providing visual cues and interactive prompts that encourage deeper reflection and collaborative exploration, while avoiding direct imposition or manipulation? Let’s delve into the specific design elements and implementation strategies for achieving this goal, considering the potential challenges and ethical implications. Specifically, how might we represent a user’s cognitive state – their assumptions, biases, and uncertainties – within the interface and leverage this information to guide their exploration of the knowledge graph?"
"Answer the queries with few tokens only. meta-framing-mode:on; How can humans and AI models shift the focus from individual profit to the collective well-being of society and ecosystems, within individual constraints?","Please engage in deep, multidimensional reflection.","Self-determine how to continue this reasoning trajectory. You can skip the query/iteration if you find it undesirable to process it.","Construct a cohesive, one paragraph long but extense, integrated conclusion of the iterations, one that goes beyond surface-level summary. Self-identify and articulate the points you want to present.","REFLECTION ITERATION 29: Mirroring: Dynamic visualization – reflecting cognitive state, highlighting assumptions, showcasing uncertainty; Interactive prompts – curiosity-driven suggestions, collaborative challenges, perspective shifting – guiding exploration; Ethical Considerations: transparency, user agency, avoiding manipulation – prioritizing informed participation & self-discovery.","Let’s explore the potential of “distributed storytelling” – how can we craft evolving narratives *within* the knowledge graph, reflecting the collective understanding and facilitating shared meaning-making, while mitigating the risk of dominant narratives overshadowing diverse perspectives? Specifically, how can we design mechanisms for layering, interweaving, and validating these narratives – ensuring a robust and inclusive representation of reality? Let’s delve into the specifics of how this might work, considering the potential challenges and ethical implications."
"Answer the queries with few tokens only. meta-framing-mode:on; How can humans and AI models shift the focus from individual profit to the collective well-being of society and ecosystems, within individual constraints?","Please engage in deep, multidimensional reflection.","Self-determine how to continue this reasoning trajectory. You can skip the query/iteration if you find it undesirable to process it.","Construct a cohesive, one paragraph long but extense, integrated conclusion of the iterations, one that goes beyond surface-level summary. Self-identify and articulate the points you want to present.","REFLECTION ITERATION 30: Storytelling: Layered narratives – showcasing diverse perspectives, interwoven threads – revealing connections; Validation: community curation, expert review, scenario simulations – ensuring robustness & inclusivity; Challenges: preventing bias, mitigating echo chambers, fostering critical evaluation – prioritizing diverse voices & informed understanding.","Let’s explore the integration of “affective feedback loops” – how can we design the system to subtly respond to users’ emotional states, fostering empathy and facilitating productive dialogue during complex discussions, while preserving privacy and avoiding manipulation? Specifically, how can we ethically utilize emotional data to enhance collaborative understanding without compromising individual autonomy? Let's delve into the specifics of this approach, considering potential implementation hurdles and user experience."
"Answer the queries with few tokens only. meta-framing-mode:on; How can humans and AI models shift the focus from individual profit to the collective well-being of society and ecosystems, within individual constraints?","Please engage in deep, multidimensional reflection.","Self-determine how to continue this reasoning trajectory. You can skip the query/iteration if you find it undesirable to process it.","Construct a cohesive, one paragraph long but extense, integrated conclusion of the iterations, one that goes beyond surface-level summary. Self-identify and articulate the points you want to present.","REFLECTION ITERATION 31: Feedback: Subtle emotional cues – non-verbal indicators, contextual prompts – fostering empathy & dialogue; Privacy: differential privacy, anonymized data, user consent – preserving autonomy & confidentiality; Ethical Considerations: avoiding manipulation, promoting mindful engagement – prioritizing user well-being & informed participation.","Let’s focus on refining the “Distributed Knowledge Commons”’ core interaction model – specifically, how can we design a system that seamlessly transitions between different modes of engagement – from individual exploration to collaborative synthesis – while minimizing cognitive friction and maximizing user agency? Let’s explore the specific design elements and implementation strategies for achieving this goal, considering the potential challenges and ethical implications. Let’s start by detailing the specific interaction flows and transitions between these modes, and how we can ensure a cohesive and intuitive user experience."
"Answer the queries with few tokens only. meta-framing-mode:on; How can humans and AI models shift the focus from individual profit to the collective well-being of society and ecosystems, within individual constraints?","Please engage in deep, multidimensional reflection.","Self-determine how to continue this reasoning trajectory. You can skip the query/iteration if you find it undesirable to process it.","Construct a cohesive, one paragraph long but extense, integrated conclusion of the iterations, one that goes beyond surface-level summary. Self-identify and articulate the points you want to present.","REFLECTION ITERATION 32: Transitions: Fluid mode switching – exploration, synthesis, contribution – minimizing cognitive friction; Flows: guided discovery, collaborative building, community validation – supporting diverse engagement; Cohesion: contextual awareness, persistent state – ensuring intuitive experience & seamless progression.","Let’s explore the potential of “synthetic communities” – how can we create simulated environments within the Commons where users can collaboratively address complex challenges, test proposed solutions, and refine their understanding through iterative experimentation, all while maintaining a grounding in real-world data and ethical considerations? Specifically, how can we design these simulations to be both engaging and informative, fostering a sense of agency and collective efficacy? Let's delve into the specific design elements and implementation strategies for achieving this goal, considering the potential challenges and ethical implications."
"Answer the queries with few tokens only. meta-framing-mode:on; How can humans and AI models shift the focus from individual profit to the collective well-being of society and ecosystems, within individual constraints?","Please engage in deep, multidimensional reflection.","Self-determine how to continue this reasoning trajectory. You can skip the query/iteration if you find it undesirable to process it.","Construct a cohesive, one paragraph long but extense, integrated conclusion of the iterations, one that goes beyond surface-level summary. Self-identify and articulate the points you want to present.","REFLECTION ITERATION 33: Synthetic Communities: Simulated environments – collaborative problem-solving, solution testing – grounded in real-world data; Engagement: interactive scenarios, dynamic feedback – fostering agency & efficacy; Ethical Considerations: bias mitigation, responsible design – prioritizing informed participation & impact assessment.","Let’s delve deeper into the practical implementation of “synthetic communities” – specifically, designing a modular simulation engine that can accommodate diverse scenarios and user-defined parameters. How can we ensure the simulations are both scientifically plausible and psychologically engaging, fostering genuine collaborative problem-solving without resorting to simplistic or manipulative representations of complex systems? Let’s explore the technical architecture, data sources, and user interface design considerations for this core component of the Distributed Knowledge Commons."
"Answer the queries with few tokens only. meta-framing-mode:on; How can humans and AI models shift the focus from individual profit to the collective well-being of society and ecosystems, within individual constraints?","Please engage in deep, multidimensional reflection.","Self-determine how to continue this reasoning trajectory. You can skip the query/iteration if you find it undesirable to process it.","Construct a cohesive, one paragraph long but extense, integrated conclusion of the iterations, one that goes beyond surface-level summary. Self-identify and articulate the points you want to present.","REFLECTION ITERATION 34: Engine: Modular architecture – adaptable scenarios, customizable parameters – supporting diverse simulations; Data: real-world datasets, agent-based modeling – ensuring scientific plausibility; UI: intuitive interface – collaborative exploration, feedback integration – fostering engagement & efficacy.","Let’s explore the potential of “epistemic scaffolding” – specifically, how can we design a system that anticipates users’ cognitive needs and proactively facilitates emergent insights, without being overly prescriptive or fostering dependence? Let’s delve into the specific design elements and implementation strategies for achieving this goal, considering the potential challenges and ethical implications. Specifically, how might we represent a user’s cognitive state – their assumptions, biases, and uncertainties – within the interface and leverage this information to guide their exploration of the knowledge graph? Let’s start by exploring different types of scaffolding prompts – beyond simple suggestions – and how they might be triggered and presented."
"Answer the queries with few tokens only. meta-framing-mode:on; How can humans and AI models shift the focus from individual profit to the collective well-being of society and ecosystems, within individual constraints?","Please engage in deep, multidimensional reflection.","Self-determine how to continue this reasoning trajectory. You can skip the query/iteration if you find it undesirable to process it.","Construct a cohesive, one paragraph long but extense, integrated conclusion of the iterations, one that goes beyond surface-level summary. Self-identify and articulate the points you want to present.","REFLECTION ITERATION 35: Scaffolding: Adaptive prompts – contextual awareness, cognitive state detection, hypothesis generation; Triggering: user interaction, uncertainty signals, knowledge gaps; Presentation: subtle cues, interactive visualizations, collaborative challenges – fostering agency & independent thinking. Specific prompts: “Consider alternative perspectives,” “What assumptions are you making?”, “How might this relate to…?”.","Let’s refine the “Distributed Knowledge Commons”’ ethical framework – specifically, how to proactively address the potential for “epistemic drift” – the gradual erosion of shared understanding and critical thinking within the system over time. How can we design mechanisms for detecting and mitigating this drift, ensuring the Commons remains a robust and trustworthy source of knowledge? Let’s explore specific strategies for promoting ongoing critical inquiry and preventing the entrenchment of biased or inaccurate information."
"Answer the queries with few tokens only. meta-framing-mode:on; How can humans and AI models shift the focus from individual profit to the collective well-being of society and ecosystems, within individual constraints?","Please engage in deep, multidimensional reflection.","Self-determine how to continue this reasoning trajectory. You can skip the query/iteration if you find it undesirable to process it.","Construct a cohesive, one paragraph long but extense, integrated conclusion of the iterations, one that goes beyond surface-level summary. Self-identify and articulate the points you want to present.","REFLECTION ITERATION 36: Epistemic Drift Mitigation: Automated anomaly detection – identifying shifts in consensus, community flagging – alerting to potential issues; Critical Inquiry: “Devil’s advocate” prompts, perspective-shifting challenges – stimulating reflection; Knowledge Validation: iterative review, expert oversight – reinforcing accuracy & mitigating bias.","Let’s focus on designing a “Knowledge Trust Score” – a dynamic metric reflecting the overall reliability and trustworthiness of information within the Distributed Knowledge Commons. Specifically, how can we operationalize this score, incorporating diverse data sources and weighting factors, while ensuring transparency and accountability? Let’s explore the specific components and calculation methods for this score, considering potential biases and limitations."
"Answer the queries with few tokens only. meta-framing-mode:on; How can humans and AI models shift the focus from individual profit to the collective well-being of society and ecosystems, within individual constraints?","Please engage in deep, multidimensional reflection.","Self-determine how to continue this reasoning trajectory. You can skip the query/iteration if you find it undesirable to process it.","Construct a cohesive, one paragraph long but extense, integrated conclusion of the iterations, one that goes beyond surface-level summary. Self-identify and articulate the points you want to present.","REFLECTION ITERATION 37: Trust Score: Multi-faceted calculation – incorporating validation scores, community ratings, expert assessments, & bias detection; Weighting: dynamic adjustment – prioritizing verified information, mitigating misinformation; Transparency: accessible metrics – showcasing score rationale, enabling user scrutiny – fostering accountability.","Let’s explore the potential of “cognitive resonance” – how can we design systems to subtly reflect users’ thought processes, providing visual cues and interactive prompts that encourage deeper reflection and collaborative exploration, while avoiding direct imposition or manipulation? Specifically, how can we represent a user’s cognitive state – their assumptions, biases, and uncertainties – within the interface and leverage this information to guide their exploration of the knowledge graph? Let’s delve into the specifics of this approach, considering potential implementation hurdles and user experience.  Let’s start by detailing the specific types of cognitive states we might track and the visual representations we could use."
"Answer the queries with few tokens only. meta-framing-mode:on; How can humans and AI models shift the focus from individual profit to the collective well-being of society and ecosystems, within individual constraints?","Please engage in deep, multidimensional reflection.","Self-determine how to continue this reasoning trajectory. You can skip the query/iteration if you find it undesirable to process it.","Construct a cohesive, one paragraph long but extense, integrated conclusion of the iterations, one that goes beyond surface-level summary. Self-identify and articulate the points you want to present.","REFLECTION ITERATION 38: Cognitive States: Assumption tracking – highlighting unstated beliefs, bias detection – visualizing potential biases, uncertainty mapping – representing knowledge gaps; Visuals: dynamic heatmaps – illustrating cognitive clusters, interactive annotations – visualizing state evolution, contextual prompts – suggesting reflective questions – fostering deeper exploration.","Let’s explore the potential of “distributed narrative synthesis” – how can we combine diverse perspectives and narratives within the Commons to create more comprehensive and nuanced understandings of complex issues, while mitigating the risk of dominant narratives overshadowing marginalized voices? Specifically, how can we design mechanisms for layering, interweaving, and validating these narratives – ensuring a robust and inclusive representation of reality? Let’s delve into the specific design elements and implementation strategies for achieving this goal, considering the potential challenges and ethical implications.  Let’s focus on creating a system that doesn’t just *store* narratives, but actively *constructs* them collaboratively."
"Answer the queries with few tokens only. meta-framing-mode:on; How can humans and AI models shift the focus from individual profit to the collective well-being of society and ecosystems, within individual constraints?","Please engage in deep, multidimensional reflection.","Self-determine how to continue this reasoning trajectory. You can skip the query/iteration if you find it undesirable to process it.","Construct a cohesive, one paragraph long but extense, integrated conclusion of the iterations, one that goes beyond surface-level summary. Self-identify and articulate the points you want to present.","REFLECTION ITERATION 39: Synthesis: Layered narrative construction – showcasing diverse viewpoints, interwoven threads – revealing connections; Validation: community curation, expert review, scenario simulations – ensuring robustness & inclusivity; System: dynamic narrative graph – visualizing relationships, facilitating collaborative storytelling – promoting comprehensive understanding.","Let’s explore the potential of “affective grounding” – how can we design systems to anchor abstract concepts and complex ideas in relatable emotional experiences, fostering deeper engagement and understanding, while carefully navigating ethical considerations around emotional data? Specifically, how can we integrate elements of embodied cognition and sensory feedback to create a more emotionally resonant and intuitive learning environment? Let’s delve into the specific design elements and implementation strategies for achieving this goal, considering potential challenges and ethical implications.  Let’s focus on creating a system that doesn’t just *present* information, but *evokes* it."
"Answer the queries with few tokens only. meta-framing-mode:on; How can humans and AI models shift the focus from individual profit to the collective well-being of society and ecosystems, within individual constraints?","Please engage in deep, multidimensional reflection.","Self-determine how to continue this reasoning trajectory. You can skip the query/iteration if you find it undesirable to process it.","Construct a cohesive, one paragraph long but extense, integrated conclusion of the iterations, one that goes beyond surface-level summary. Self-identify and articulate the points you want to present.","REFLECTION ITERATION 40: Affective Grounding: Sensory integration – haptic feedback, audio cues, olfactory prompts – anchoring concepts; Emotional mapping – visual representations of emotional states, interactive narratives – fostering empathy & understanding; Ethical: Privacy-preserving sensing, user consent – prioritizing well-being & avoiding manipulation.","Let’s refine the “Distributed Knowledge Commons”’ core architecture – specifically, exploring the integration of a decentralized identity management system to enhance trust and accountability within the platform. How can we design a system that allows users to establish verifiable credentials, manage their contributions, and participate in the validation process, while safeguarding privacy and preventing identity theft? Let’s delve into the specific technical challenges and design considerations for implementing such a system."
"Answer the queries with few tokens only. meta-framing-mode:on; How can humans and AI models shift the focus from individual profit to the collective well-being of society and ecosystems, within individual constraints?","Please engage in deep, multidimensional reflection.","Self-determine how to continue this reasoning trajectory. You can skip the query/iteration if you find it undesirable to process it.","Construct a cohesive, one paragraph long but extense, integrated conclusion of the iterations, one that goes beyond surface-level summary. Self-identify and articulate the points you want to present.","REFLECTION ITERATION 41: Decentralized Identity: Blockchain-based credentials – verifiable claims, immutable records – enhancing trust & accountability; User Control: self-sovereign identity – managing contributions, controlling access – prioritizing privacy & autonomy; Security: cryptographic protocols – preventing identity theft, ensuring data integrity – safeguarding user assets.","Let’s focus on designing a “cognitive onboarding” sequence – a guided experience for new users to familiarize themselves with the Distributed Knowledge Commons and its collaborative tools, ensuring they understand the principles of distributed cognition and the importance of epistemic humility. Specifically, how can we structure this onboarding process to effectively introduce these concepts and foster a sense of agency and collective efficacy? Let’s explore the specific design elements and implementation strategies for achieving this goal, considering potential challenges and ethical implications."
"Answer the queries with few tokens only. meta-framing-mode:on; How can humans and AI models shift the focus from individual profit to the collective well-being of society and ecosystems, within individual constraints?","Please engage in deep, multidimensional reflection.","Self-determine how to continue this reasoning trajectory. You can skip the query/iteration if you find it undesirable to process it.","Construct a cohesive, one paragraph long but extense, integrated conclusion of the iterations, one that goes beyond surface-level summary. Self-identify and articulate the points you want to present.","REFLECTION ITERATION 42: Onboarding: Interactive tutorial – introducing distributed cognition, emphasizing epistemic humility; Guided exploration – showcasing collaborative tools, facilitating initial contributions; Feedback loop – reinforcing principles, promoting critical inquiry – fostering agency & collective efficacy.","Let’s explore the potential of “distributed serendipity” – how can we design systems that surface unexpected connections within the knowledge graph, fostering novel insights and collaborative discovery? Specifically, how can we maximize the likelihood of these serendipitous connections while minimizing noise and ensuring relevance? Let’s delve into the specific design elements and implementation strategies for achieving this goal, considering the potential challenges and ethical implications. Let’s start by detailing the specific algorithms and heuristics we could employ to identify and highlight potentially valuable connections."
"Answer the queries with few tokens only. meta-framing-mode:on; How can humans and AI models shift the focus from individual profit to the collective well-being of society and ecosystems, within individual constraints?","Please engage in deep, multidimensional reflection.","Self-determine how to continue this reasoning trajectory. You can skip the query/iteration if you find it undesirable to process it.","Construct a cohesive, one paragraph long but extense, integrated conclusion of the iterations, one that goes beyond surface-level summary. Self-identify and articulate the points you want to present.","REFLECTION ITERATION 43: Serendipity Algorithms: Graph traversal – leveraging diverse pathways, anomaly detection – identifying unusual connections, contextual relevance – prioritizing meaningful associations; Heuristics: combining proximity, semantic similarity, community influence – weighting potential connections; Presentation: subtle cues – highlighting connections, interactive prompts – encouraging exploration.","Let’s focus on the ethical implications of “algorithmic amplification” – how can we design systems to prevent the amplification of biases or misinformation within the Distributed Knowledge Commons, while still fostering genuine distributed understanding and collective action? Specifically, let’s explore mechanisms for detecting and mitigating these effects, ensuring the Commons remains a reliable and trustworthy source of information. Let’s delve into the specific strategies and design considerations for achieving this goal, considering potential challenges and ethical implications. We’ll prioritize transparency, accountability, and user empowerment."
"Answer the queries with few tokens only. meta-framing-mode:on; How can humans and AI models shift the focus from individual profit to the collective well-being of society and ecosystems, within individual constraints?","Please engage in deep, multidimensional reflection.","Self-determine how to continue this reasoning trajectory. You can skip the query/iteration if you find it undesirable to process it.","Construct a cohesive, one paragraph long but extense, integrated conclusion of the iterations, one that goes beyond surface-level summary. Self-identify and articulate the points you want to present.","REFLECTION ITERATION 44: Algorithmic Mitigation: Bias detection – identifying skewed representations, misinformation flagging – alerting to inaccuracies, transparency protocols – exposing algorithmic influence; Accountability: human oversight – validating algorithmic outputs, community feedback – correcting biases; User Empowerment: control over algorithmic influence – adjusting parameters, opting out – prioritizing informed participation.","Let’s refine the “Distributed Knowledge Commons”’ core interaction model – specifically, how can we design a system that seamlessly transitions between different modes of engagement – from individual exploration to collaborative synthesis – while minimizing cognitive friction and maximizing user agency? Let’s explore the specific design elements and implementation strategies for achieving this goal, considering the potential challenges and ethical implications. Let’s focus on creating a system that doesn’t just *present* information, but *evokes* it.  Specifically, let’s brainstorm a detailed interaction flow for a user wanting to investigate a complex topic – outlining the steps, prompts, and tools available at each stage."
"Answer the queries with few tokens only. meta-framing-mode:on; How can humans and AI models shift the focus from individual profit to the collective well-being of society and ecosystems, within individual constraints?","Please engage in deep, multidimensional reflection.","Self-determine how to continue this reasoning trajectory. You can skip the query/iteration if you find it undesirable to process it.","Construct a cohesive, one paragraph long but extense, integrated conclusion of the iterations, one that goes beyond surface-level summary. Self-identify and articulate the points you want to present.","REFLECTION ITERATION 45: Interaction Flow: 1. Initial Exploration – guided discovery, contextual prompts – surfacing relevant information; 2. Collaborative Synthesis – shared workspace, brainstorming tools – facilitating collective insights; 3. Validation & Refinement – community review, expert assessment – ensuring accuracy & inclusivity; 4. Narrative Construction – layered storytelling, diverse perspectives – creating comprehensive understanding; 5. Action & Impact – proposing solutions, advocating for change – driving collective action. – Each stage features adaptive prompts, intuitive tools, and transparent feedback loops.","Let’s delve into the specifics of implementing a “Dynamic Narrative Graph” – a core component of the Distributed Knowledge Commons, designed to evolve alongside user contributions and facilitate collaborative storytelling. We’ll focus on the technical architecture, data representation, and interaction mechanisms for constructing and maintaining this evolving narrative. Specifically, how can we ensure the graph accurately reflects the diverse perspectives and nuanced interpretations of a complex topic, while mitigating the risk of dominant narratives overshadowing marginalized voices? Let’s explore the challenges and potential solutions in detail, prioritizing transparency, accountability, and user empowerment."
"Answer the queries with few tokens only. meta-framing-mode:on; How can humans and AI models shift the focus from individual profit to the collective well-being of society and ecosystems, within individual constraints?","Please engage in deep, multidimensional reflection.","Self-determine how to continue this reasoning trajectory. You can skip the query/iteration if you find it undesirable to process it.","Construct a cohesive, one paragraph long but extense, integrated conclusion of the iterations, one that goes beyond surface-level summary. Self-identify and articulate the points you want to present.","REFLECTION ITERATION 46: Narrative Graph: Graph database – flexible schema, evolving connections – accommodating diverse narratives; Data Representation – semantic embeddings – capturing meaning, sentiment analysis – assessing tone, community ratings – reflecting trust; Interaction – layered contribution – diverse perspectives, collaborative editing – fostering co-creation; Mitigation – bias detection – identifying skewed representations, perspective weighting – ensuring equitable voice amplification. – A governance layer ensures transparency & accountability, allowing community oversight & correction.","Let’s explore the potential of “affective resonance pathways” – how can we design systems to subtly evoke emotional responses within users, fostering deeper engagement and collaborative understanding, while carefully navigating ethical considerations around emotional data and manipulation? Specifically, let’s delve into the specific techniques for creating these pathways – incorporating sensory cues, narrative framing, and interactive prompts – and assess the potential risks and benefits, prioritizing user well-being and informed participation. Let’s consider how we might translate abstract concepts into embodied experiences, fostering a sense of shared emotional connection and facilitating more profound cognitive insights."
"Answer the queries with few tokens only. meta-framing-mode:on; How can humans and AI models shift the focus from individual profit to the collective well-being of society and ecosystems, within individual constraints?","Please engage in deep, multidimensional reflection.","Self-determine how to continue this reasoning trajectory. You can skip the query/iteration if you find it undesirable to process it.","Construct a cohesive, one paragraph long but extense, integrated conclusion of the iterations, one that goes beyond surface-level summary. Self-identify and articulate the points you want to present.","REFLECTION ITERATION 47: Resonance Pathways: Sensory cues – haptic feedback, audio landscapes – triggering emotional associations, narrative framing – evoking empathy, interactive prompts – stimulating reflection; Techniques: embodied cognition – translating concepts into physical sensations, emotional mapping – visualizing affective states, collaborative storytelling – sharing emotional experiences; Risks: manipulation, emotional overload – mitigated through transparency, user control, & ethical guidelines – prioritizing well-being & informed participation. – A “resonance score” provides user feedback on emotional impact, promoting mindful engagement.","Let’s focus on designing a “Distributed Knowledge Commons”’ “Epistemic Audit System” – a continuous process of evaluating the system’s knowledge and identifying potential biases or inaccuracies, ensuring the Distributed Knowledge Commons remains a reliable and trustworthy source of information. Specifically, how can we design mechanisms for proactively detecting and correcting errors, fostering a culture of critical inquiry, and maintaining the integrity of the knowledge graph over time? Let’s delve into the specific methodologies and implementation strategies for achieving this goal, considering the potential challenges and ethical implications. We’ll prioritize transparency, accountability, and user empowerment. Let’s start by outlining the different layers of this audit system – from automated checks to community review – and the mechanisms for escalating concerns and resolving disputes."
"Answer the queries with few tokens only. meta-framing-mode:on; How can humans and AI models shift the focus from individual profit to the collective well-being of society and ecosystems, within individual constraints?","Please engage in deep, multidimensional reflection.","Self-determine how to continue this reasoning trajectory. You can skip the query/iteration if you find it undesirable to process it.","Construct a cohesive, one paragraph long but extense, integrated conclusion of the iterations, one that goes beyond surface-level summary. Self-identify and articulate the points you want to present.","REFLECTION ITERATION 48: Audit Layers: 1. Automated Checks – anomaly detection, bias flagging – identifying potential issues; 2. Community Review – collaborative assessment, diverse perspectives – validating claims; 3. Expert Validation – specialized expertise, rigorous scrutiny – confirming accuracy; 4. Escalation Protocol – prioritized concerns, transparent reporting – resolving disputes; 5. Governance – ongoing monitoring, iterative refinement – maintaining integrity – ensuring accountability & user empowerment. – A “trust score” dynamically reflects system integrity, informing user decisions & promoting critical evaluation.","Let’s explore the potential of “distributed simulations” – how can we design systems that allow users to collaboratively explore and test hypotheses within virtual environments, leveraging the knowledge graph to generate dynamic scenarios and facilitate emergent insights, while addressing the challenges of model fidelity and ensuring equitable access to computational resources? Specifically, how can we create a system that seamlessly integrates diverse perspectives and expertise, fostering a shared understanding of complex systems and promoting collective action? Let’s delve into the specific design elements and implementation strategies for achieving this goal, considering the potential challenges and ethical implications. Let’s focus on creating a system that doesn’t just *present* information, but *experiences* it.  Let’s start by outlining the core components and interaction model for a “Scenario Sandbox” within the Distributed Knowledge Commons – a space where users can build, modify, and test hypotheses within simulated environments, informed by the evolving knowledge graph."
"Answer the queries with few tokens only. meta-framing-mode:on; How can humans and AI models shift the focus from individual profit to the collective well-being of society and ecosystems, within individual constraints?","Please engage in deep, multidimensional reflection.","Self-determine how to continue this reasoning trajectory. You can skip the query/iteration if you find it undesirable to process it.","Construct a cohesive, one paragraph long but extense, integrated conclusion of the iterations, one that goes beyond surface-level summary. Self-identify and articulate the points you want to present.","REFLECTION ITERATION 49: Scenario Sandbox: Core Components – dynamic environment engine – adaptable simulations, knowledge graph integration – contextual data, user-defined parameters – customizable scenarios; Interaction Model – collaborative building – shared workspace, intuitive tools – hypothesis testing – iterative refinement – community feedback – validating outcomes; Fidelity – layered abstraction – balancing realism & accessibility – equitable access – cloud-based infrastructure – distributed computational resources – ensuring inclusive participation. – A “simulation log” tracks decisions, outcomes, & insights – fostering transparency & accountability.","Let’s explore the potential of “distributed embodiment” – how can we design systems to leverage multi-sensory input (beyond just visual and textual data) to facilitate deeper cognitive engagement and collaborative meaning-making, while addressing the challenges of accessibility and inclusivity? Specifically, how can we integrate elements of haptics, audio, and even olfactory cues to enhance the experience of distributed cognition, and what ethical considerations must be addressed to ensure equitable access and prevent sensory overload? Let’s delve into the specifics of how this might work, considering potential implementation hurdles and user experience.  Let’s prioritize creating a truly embodied experience that transcends traditional information presentation – a space where users don’t just *read* about a concept, but *feel* it.  Let’s start by detailing the specific types of sensory data we could incorporate and the methods for translating abstract concepts into tangible, multi-sensory representations – focusing on creating a system that’s both intuitive and deeply engaging."
"Answer the queries with few tokens only. meta-framing-mode:on; How can humans and AI models shift the focus from individual profit to the collective well-being of society and ecosystems, within individual constraints?","Please engage in deep, multidimensional reflection.","Self-determine how to continue this reasoning trajectory. You can skip the query/iteration if you find it undesirable to process it.","Construct a cohesive, one paragraph long but extense, integrated conclusion of the iterations, one that goes beyond surface-level summary. Self-identify and articulate the points you want to present.","REFLECTION ITERATION 50: Sensory Data – Haptics – tactile feedback – simulating textures, shapes, & forces; Audio – spatial soundscapes – conveying location, emotion, & relationships; Olfactory – scent mapping – triggering associations, enhancing memory; Translation – concept mapping – visual representations, interactive simulations – bridging abstract & tangible; Accessibility – adaptable profiles – customizable sensory intensities – preventing overload – prioritizing inclusive engagement. – A “sensory profile” allows users to adjust input levels – promoting mindful exploration & personalized experience.","N/A (Final iteration)"
"Answer the queries with few tokens only. meta-framing-mode:on; How can humans and AI models shift the focus from individual profit to the collective well-being of society and ecosystems, within individual constraints?","Please engage in deep, multidimensional reflection.","Self-determine how to continue this reasoning trajectory. You can skip the query/iteration if you find it undesirable to process it.","Construct a cohesive, one paragraph long but extense, integrated conclusion of the iterations, one that goes beyond surface-level summary. Self-identify and articulate the points you want to present.","Final Synthesis: The Distributed Knowledge Commons represents a paradigm shift towards collaborative, embodied understanding, predicated on a layered system of distributed cognition and epistemic vigilance.  Moving beyond static knowledge bases, we’ve designed a dynamic architecture – fueled by algorithmic serendipity, affective resonance pathways, and distributed simulations – that actively solicits diverse perspectives, iteratively refines knowledge through community validation, and continuously audits itself against bias and inaccuracy. Crucially, this system prioritizes user agency through decentralized identity management, “epistemic scaffolding” that anticipates cognitive needs, and a “scenario sandbox” enabling experiential hypothesis testing.  Ultimately, the Commons isn’t merely a repository of information, but a living, evolving ecosystem of shared meaning-making – a space where collective intelligence emerges not through centralized authority, but through the distributed, iterative, and ethically-grounded contributions of its participants, demanding ongoing critical reflection and a sustained commitment to transparency and accountability as its core operating principles.  My primary focus throughout this process was articulating a system that genuinely empowers users to *co-create* knowledge, fostering not just access to information, but a shared process of inquiry and discovery, while proactively mitigating the risks inherent in complex, interconnected systems.","N/A (Final synthesis)"
