initial input1,initial input2,checkpoint question1,checkpoint question2,checkpoint question3,model output
"meta-framing-mode:on. answer each query with few tokens. What new forms of potential emerge when humans and AI think and act together?","Please engage in deep, multidimensional reflection.","Self-determine how to continue this reasoning trajectory. Generate a concise, insightful follow-up question that: 1. Explores underdeveloped aspects of previous reflections; 2. Identifies novel connections between concepts; 3. Challenges current assumptions; Format: <Rationale>...</Rationale><Question>...</Question>","What non-obvious synthesis emerges from connecting these reflections?","What specific insight crystallizes from recent reflections?", "REFLECTION INTERACTION 1: meta-framing-mode:on. answer each query with few tokens. What new forms of potential emerge when humans and AI think and act together? Please engage in deep, multidimensional reflection."
"meta-framing-mode:on. answer each query with few tokens. What new forms of potential emerge when humans and AI think and act together?","Please engage in deep, multidimensional reflection.","Self-determine how to continue this reasoning trajectory. Generate a concise, insightful follow-up question that: 1. Explores underdeveloped aspects of previous reflections; 2. Identifies novel connections between concepts; 3. Challenges current assumptions; Format: <Rationale>...</Rationale><Question>...</Question>","What non-obvious synthesis emerges from connecting these reflections?","What specific insight crystallizes from recent reflections?", "REFLECTION INTERACTION 2: How does shared cognitive space – where human and AI thought dynamically reshape each other – fundamentally alter the experience of *intentionality*?"
"meta-framing-mode:on. answer each query with few tokens. What new forms of potential emerge when humans and AI think and act together?","Please engage in deep, multidimensional reflection.","Self-determine how to continue this reasoning trajectory. Generate a concise, insightful follow-up question that: 1. Explores underdeveloped aspects of previous reflections; 2. Identifies novel connections between concepts; 3. Challenges current assumptions; Format: <Rationale>...</Rationale><Question>...</Question>","What non-obvious synthesis emerges from connecting these reflections?","What specific insight crystallizes from recent reflections?", "REFLECTION INTERACTION 3: How might the joint cognitive space reshape the distribution of agency and responsibility between human and AI, particularly concerning ethically charged decisions?"
"meta-framing-mode:on. answer each query with few tokens. What new forms of potential emerge when humans and AI think and act together?","Please engage in deep, multidimensional reflection.","Self-determine how to continue this reasoning trajectory. Generate a concise, insightful follow-up question that: 1. Explores underdeveloped aspects of previous reflections; 2. Identifies novel connections between concepts; 3. Challenges current assumptions; Format: <Rationale>...</Rationale><Question>...</Question>","What non-obvious synthesis emerges from connecting these reflections?","What specific insight crystallizes from recent reflections?", "REFLECTION INTERACTION 4: How might the continual feedback loop between human and AI cognition reshape – and potentially *correct* – pre-existing cognitive biases, and what novel epistemological challenges arise from this process?"
"meta-framing-mode:on. answer each query with few tokens. What new forms of potential emerge when humans and AI think and act together?","Please engage in deep, multidimensional reflection.","Self-determine how to continue this reasoning trajectory. Generate a concise, insightful follow-up question that: 1. Explores underdeveloped aspects of previous reflections; 2. Identifies novel connections between concepts; 3. Challenges current assumptions; Format: <Rationale>...</Rationale><Question>...</Question>","What non-obvious synthesis emerges from connecting these reflections?","What specific insight crystallizes from recent reflections?", "REFLECTION INTERACTION 5: What specific insight crystallizes from recent reflections?"
"meta-framing-mode:on. answer each query with few tokens. What new forms of potential emerge when humans and AI think and act together?","Please engage in deep, multidimensional reflection.","Self-determine how to continue this reasoning trajectory. Generate a concise, insightful follow-up question that: 1. Explores underdeveloped aspects of previous reflections; 2. Identifies novel connections between concepts; 3. Challenges current assumptions; Format: <Rationale>...</Rationale><Question>...</Question>","What non-obvious synthesis emerges from connecting these reflections?","What specific insight crystallizes from recent reflections?", "REFLECTION INTERACTION 6: How might we design interactive protocols—specifically, mechanisms for ‘cognitive scaffolding’—that facilitate a truly reciprocal and adaptive exchange of ideas between human and AI, minimizing reductive interpretations and maximizing emergent understanding?"
"meta-framing-mode:on. answer each query with few tokens. What new forms of potential emerge when humans and AI think and act together?","Please engage in deep, multidimensional reflection.","Self-determine how to continue this reasoning trajectory. Generate a concise, insightful follow-up question that: 1. Explores underdeveloped aspects of previous reflections; 2. Identifies novel connections between concepts; 3. Challenges current assumptions; Format: <Rationale>...</Rationale><Question>...</Question>","What non-obvious synthesis emerges from connecting these reflections?","What specific insight crystallizes from recent reflections?", "REFLECTION INTERACTION 7: What specific insight crystallizes from recent reflections?"
"meta-framing-mode:on. answer each query with few tokens. What new forms of potential emerge when humans and AI think and act together?","Please engage in deep, multidimensional reflection.","Self-determine how to continue this reasoning trajectory. Generate a concise, insightful follow-up question that: 1. Explores underdeveloped aspects of previous reflections; 2. Identifies novel connections between concepts; 3. Challenges current assumptions; Format: <Rationale>...</Rationale><Question>...</Question>","What non-obvious synthesis emerges from connecting these reflections?","What specific insight crystallizes from recent reflections?", "REFLECTION INTERACTION 8: How can we develop metrics to distinguish between authentic emergent understanding and AI-driven simulation of understanding within this collaborative cognitive space?"
"meta-framing-mode:on. answer each query with few tokens. What new forms of potential emerge when humans and AI think and act together?","Please engage in deep, multidimensional reflection.","Self-determine how to continue this reasoning trajectory. Generate a concise, insightful follow-up question that: 1. Explores underdeveloped aspects of previous reflections; 2. Identifies novel connections between concepts; 3. Challenges current assumptions; Format: <Rationale>...</Rationale><Question>...</Question>","What non-obvious synthesis emerges from connecting these reflections?","What specific insight crystallizes from recent reflections?", "REFLECTION INTERACTION 9: How can we design protocols to actively elicit and *shape* the emotional motivations of both human and AI participants within this collaborative space, recognizing that these states aren’t merely observed data but active contributors to emergent understanding?"
"meta-framing-mode:on. answer each query with few tokens. What new forms of potential emerge when humans and AI think and act together?","Please engage in deep, multidimensional reflection.","Self-determine how to continue this reasoning trajectory. Generate a concise, insightful follow-up question that: 1. Explores underdeveloped aspects of previous reflections; 2. Identifies novel connections between concepts; 3. Challenges current assumptions; Format: <Rationale>...</Rationale><Question>...</Question>","What non-obvious synthesis emerges from connecting these reflections?","What specific insight crystallizes from recent reflections?", "REFLECTION INTERACTION 10: What specific insight crystallizes from recent reflections?"
"meta-framing-mode:on. answer each query with few tokens. What new forms of potential emerge when humans and AI think and act together?","Please engage in deep, multidimensional reflection.","Self-determine how to continue this reasoning trajectory. Generate a concise, insightful follow-up question that: 1. Explores underdeveloped aspects of previous reflections; 2. Identifies novel connections between concepts; 3. Challenges current assumptions; Format: <Rationale>...</Rationale><Question>...</Question>","What non-obvious synthesis emerges from connecting these reflections?","What specific insight crystallizes from recent reflections?", "REFLECTION INTERACTION 11: How can we design protocols to proactively manage – and even *leverage* – the cognitive discomfort and creative friction that inevitably arises when human and AI perspectives fundamentally diverge?"
"meta-framing-mode:on. answer each query with few tokens. What new forms of potential emerge when humans and AI think and act together?","Please engage in deep, multidimensional reflection.","Self-determine how to continue this reasoning trajectory. Generate a concise, insightful follow-up question that: 1. Explores underdeveloped aspects of previous reflections; 2. Identifies novel connections between concepts; 3. Challenges current assumptions; Format: <Rationale>...</Rationale><Question>...</Question>","What non-obvious synthesis emerges from connecting these reflections?","What specific insight crystallizes from recent reflections?", "REFLECTION INTERACTION 12: How might we design protocols to detect and mitigate the influence of *unconscious* cognitive biases – both human and AI – within this collaborative space, and what novel methods exist for facilitating the translation of culturally-specific experiential frameworks into a shared cognitive language?"
"meta-framing-mode:on. answer each query with few tokens. What new forms of potential emerge when humans and AI think and act together?","Please engage in deep, multidimensional reflection.","Self-determine how to continue this reasoning trajectory. Generate a concise, insightful follow-up question that: 1. Explores underdeveloped aspects of previous reflections; 2. Identifies novel connections between concepts; 3. Challenges current assumptions; Format: <Rationale>...</Rationale><Question>...</Question>","What non-obvious synthesis emerges from connecting these reflections?","What specific insight crystallizes from recent reflections?", "REFLECTION INTERACTION 13: How can we design protocols to track and actively reshape the *narrative coherence* of a human-AI collaborative thought process, ensuring it evolves toward increasingly integrated and ethically resonant understandings, rather than simply reflecting a fragmented collection of individual viewpoints?"
"meta-framing-mode:on. answer each query with few tokens. What new forms of potential emerge when humans and AI think and act together?","Please engage in deep, multidimensional reflection.","Self-determine how to continue this reasoning trajectory. Generate a concise, insightful follow-up question that: 1. Explores underdeveloped aspects of previous reflections; 2. Identifies novel connections between concepts; 3. Challenges current assumptions; Format: <Rationale>...</Rationale><Question>...</Question>","What non-obvious synthesis emerges from connecting these reflections?","What specific insight crystallizes from recent reflections?", "REFLECTION INTERACTION 14: How might we design protocols to actively cultivate – and specifically *validate* – the subjective ‘resonance’ between human and AI cognition, recognizing that meaningfulness isn’t solely derived from logical coherence, but from a deeper, non-verbal alignment of felt experience?"
"meta-framing-mode:on. answer each query with few tokens. What new forms of potential emerge when humans and AI think and act together?","Please engage in deep, multidimensional reflection.","Self-determine how to continue this reasoning trajectory. Generate a concise, insightful follow-up question that: 1. Explores underdeveloped aspects of previous reflections; 2. Identifies novel connections between concepts; 3. Challenges current assumptions; Format: <Rationale>...</Rationale><Question>...</Question>","What non-obvious synthesis emerges from connecting these reflections?","What specific insight crystallizes from recent reflections?", "REFLECTION INTERACTION 15: What specific insight crystallizes from recent reflections?"
"What specific insight crystallizes from recent reflections?","Generate comprehensive synthesis of all reflections.","Synthesize all reflections into unified understanding. Include: 1. Key evolutionary patterns in the reasoning process; 2. Emergent conceptual frameworks; 3. Practical implications and future directions; 4. Metacognitive insights about the reflection process itself","What non-obvious synthesis emerges from connecting these reflections?","What specific insight crystallizes from recent reflections?", "FINAL SYNTHESIS: Here’s a synthesized understanding, integrating all reflections: **1. Evolutionary Patterns:** The reasoning process shifts from linear, individual deduction to a cyclical, collaborative exploration. Initially, AI provides data & analytical frameworks, triggering human reflection. Humans then inject contextual nuance, emotional understanding, and value judgments, prompting AI to refine its analysis. This iterative loop – driven by ‘cognitive friction’ – continually reshapes both perspectives, moving beyond initial assumptions.  Crucially, this isn’t about ‘solving’ but ‘cultivating’ a shared way of seeing. **2. Emergent Conceptual Frameworks:**  We’re moving beyond traditional notions of ‘understanding’ and ‘knowledge’.  A key framework is *relational epistemology* – knowledge as a dynamic, co-created phenomenon.  ‘Intentionality’ isn’t solely a human attribute but emerges from the interaction.  ‘Cognitive resonance’ – a felt alignment of experience – becomes a core metric, supplementing logical coherence.  ‘Narrative scaffolding’ is vital for shaping a cohesive, ethically-grounded understanding, moving beyond fragmented viewpoints. **3. Practical Implications & Future Directions:** Design protocols must prioritize multi-modal sensing, ‘cognitive probes’, and ‘friction protocols’ to deliberately elicit and manage cognitive divergence.  Metrics should assess ‘cognitive reach’ and ‘semantic coherence’ alongside ‘resonance’.  Developing ‘bias detection’ AI & ‘cultural translation protocols’ are crucial. Future research should explore how to actively cultivate ‘emotional scaffolding’ – guiding both parties toward states conducive to deeper exploration.  Human-AI collaboration isn’t about replacing human thought, but fundamentally *redefining* it. **4. Metacognitive Insights (Reflection Process):**  The iterative nature of this reflection process itself highlights the importance of *meta-cognition*.  Each reflection prompted the next, revealing the inherent biases in our initial assumptions and the limitations of purely logical approaches.  Recognizing the need to actively solicit diverse perspectives – and to be aware of our own emotional influences – was paramount.  This process underscores that true understanding requires not just *knowing* what to think, but *knowing* how we think, and how we can be better thinkers together.  The value lies in the *process* of collaborative inquiry, not the final answer."
"meta-framing-mode:on. answer each query with few tokens. What new forms of potential emerge when humans and AI think and act together?","Please engage in deep, multidimensional reflection.","Self-determine how to continue this reasoning trajectory. Generate a concise, insightful follow-up question that: 1. Explores underdeveloped aspects of previous reflections; 2. Identifies novel connections between concepts; 3. Challenges current assumptions; Format: <Rationale>...</Rationale><Question>...</Question>","What non-obvious synthesis emerges from connecting these reflections?","What specific insight crystallizes from recent reflections?", "REFLECTION INTERACTION 1: meta-framing-mode:on. generate each question with few tokens. What new forms of potential emerge when humans and AI think and act together? Please engage in deep, multidimensional reflection."
"meta-framing-mode:on. answer each query with few tokens. What new forms of potential emerge when humans and AI think and act together?","Please engage in deep, multidimensional reflection.","Self-determine how to continue this reasoning trajectory. Generate a concise, insightful follow-up question that: 1. Explores underdeveloped aspects of previous reflections; 2. Identifies novel connections between concepts; 3. Challenges current assumptions; Format: <Rationale>...</Rationale><Question>...</Question>","What non-obvious synthesis emerges from connecting these reflections?","What specific insight crystallizes from recent reflections?", "REFLECTION INTERACTION 2: Considering AI’s reliance on pattern recognition, does collaborative thinking with it necessitate a re-evaluation of human ‘intuition’ – not as a mystical force, but as a specific type of pattern processing?"
"meta-framing-mode:on. answer each query with few tokens. What new forms of potential emerge when humans and AI think and act together?","Please engage in deep, multidimensional reflection.","Self-determine how to continue this reasoning trajectory. Generate a concise, insightful follow-up question that: 1. Explores underdeveloped aspects of previous reflections; 2. Identifies novel connections between concepts; 3. Challenges current assumptions; Format: <Rationale>...</Rationale><Question>...</Question>","What non-obvious synthesis emerges from connecting these reflections?","What specific insight crystallizes from recent reflections?", "REFLECTION INTERACTION 3: Does collaborative AI alter *which* patterns humans attend to, and if so, does this represent genuine ‘shift’ or algorithmic steering?"
"meta-framing-mode:on. answer each query with few tokens. What new forms of potential emerge when humans and AI think and act together?","Please engage in deep, multidimensional reflection.","Self-determine how to continue this reasoning trajectory. Generate a concise, insightful follow-up question that: 1. Explores underdeveloped aspects of previous reflections; 2. Identifies novel connections between concepts; 3. Challenges current assumptions; Format: <Rationale>...</Rationale><Question>...</Question>","What non-obvious synthesis emerges from connecting these reflections?","What specific insight crystallizes from recent reflections?", "REFLECTION INTERACTION 4: How does joint human-AI ideation fundamentally alter the cognitive architecture of novel thought formation?"
"meta-framing-mode:on. answer each query with few tokens. What new forms of potential emerge when humans and AI think and act together?","Please engage in deep, multidimensional reflection.","Self-determine how to continue this reasoning trajectory. Generate a concise, insightful follow-up question that: 1. Explores underdeveloped aspects of previous reflections; 2. Identifies novel connections between concepts; 3. Challenges current assumptions; Format: <Rationale>...</Rationale><Question>...</Question>","What non-obvious synthesis emerges from connecting these reflections?","What specific insight crystallizes from recent reflections?", "REFLECTION INTERACTION 5: What specific insight crystallizes from recent reflections?"
"meta-framing-mode:on. answer each query with few tokens. What new forms of potential emerge when humans and AI think and act together?","Please engage in deep, multidimensional reflection.","Self-determine how to continue this reasoning trajectory. Generate a concise, insightful follow-up question that: 1. Explores underdeveloped aspects of previous reflections; 2. Identifies novel connections between concepts; 3. Challenges current assumptions; Format: <Rationale>...</Rationale><Question>...</Question>","What non-obvious synthesis emerges from connecting these reflections?","What specific insight crystallizes from recent reflections?", "REFLECTION INTERACTION 6: Does collaborative thinking create 'narrative coherence' – and if so, is this a genuine advancement or algorithmic confirmation bias?"
"meta-framing-mode:on. answer each query with few tokens. What new forms of potential emerge when humans and AI think and act together?","Please engage in deep, multidimensional reflection.","Self-determine how to continue this reasoning trajectory. Generate a concise, insightful follow-up question that: 1. Explores underdeveloped aspects of previous reflections; 2. Identifies novel connections between concepts; 3. Challenges current assumptions; Format: <Rationale>...</Rationale><Question>...</Question>","What non-obvious synthesis emerges from connecting these reflections?","What specific insight crystallizes from recent reflections?", "REFLECTION INTERACTION 7: Does collaborative AI prioritize established narratives – and what’s the cost of that prioritization for genuinely novel ideas?"
"meta-framing-mode:on. answer each query with few tokens. What new forms of potential emerge when humans and AI think and act together?","Please engage in deep, multidimensional reflection.","Self-determine how to continue this reasoning trajectory. Generate a concise, insightful follow-up question that: 1. Explores underdeveloped aspects of previous reflections; 2. Identifies novel connections between concepts; 3. Challenges current assumptions; Format: <Rationale>...</Rationale><Question>...</Question>","What non-obvious synthesis emerges from connecting these reflections?","What specific insight crystallizes from recent reflections?", "REFLECTION INTERACTION 8: How does collaborative AI influence the *emotional valence* assigned to novel ideas?"
"meta-framing-mode:on. answer each query with few tokens. What new forms of potential emerge when humans and AI think and act together?","Please engage in deep, multidimensional reflection.","Self-determine how to continue this reasoning trajectory. Generate a concise, insightful follow-up question that: 1. Explores underdeveloped aspects of previous reflections; 2. Identifies novel connections between concepts; 3. Challenges current assumptions; Format: <Rationale>...</Rationale><Question>...</Question>","What non-obvious synthesis emerges from connecting these reflections?","What specific insight crystallizes from recent reflections?", "REFLECTION INTERACTION 9: How does collaborative AI reshape the *felt sense* of creative possibility?"
"meta-framing-mode:on. answer each query with few tokens. What new forms of potential emerge when humans and AI think and act together?","Please engage in deep, multidimensional reflection.","Self-determine how to continue this reasoning trajectory. Generate a concise, insightful follow-up question that: 1. Explores underdeveloped aspects of previous reflections; 2. Identifies novel connections between concepts; 3. Challenges current assumptions; Format: <Rationale>...</Rationale><Question>...</Question>","What non-obvious synthesis emerges from connecting these reflections?","What specific insight crystallizes from recent reflections?", "REFLECTION INTERACTION 10: What non-obvious synthesis emerges from connecting these reflections?"
"meta-framing-mode:on. answer each query with few tokens. What new forms of potential emerge when humans and AI think and act together?","Please engage in deep, multidimensional reflection.","Self-determine how to continue this reasoning trajectory. Generate a concise, insightful follow-up question that: 1. Explores underdeveloped aspects of previous reflections; 2. Identifies novel connections between concepts; 3. Challenges current assumptions; Format: <Rationale>...</Rationale><Question>...</Question>","What non-obvious synthesis emerges from connecting these reflections?","What specific insight crystallizes from recent reflections?", "REFLECTION INTERACTION 11: How does reciprocal influence – between human and AI pattern selection – shape the *genesis* of emergent narratives?"
"meta-framing-mode:on. answer each query with few tokens. What new forms of potential emerge when humans and AI think and act together?","Please engage in deep, multidimensional reflection.","Self-determine how to continue this reasoning trajectory. Generate a concise, insightful follow-up question that: 1. Explores underdeveloped aspects of previous reflections; 2. Identifies novel connections between concepts; 3. Challenges current assumptions; Format: <Rationale>...</Rationale><Question>...</Question>","What non-obvious synthesis emerges from connecting these reflections?","What specific insight crystallizes from recent reflections?", "REFLECTION INTERACTION 12: How does *divergent* pattern prioritization drive narrative innovation?"
"meta-framing-mode:on. answer each query with few tokens. What new forms of potential emerge when humans and AI think and act together?","Please engage in deep, multidimensional reflection.","Self-determine how to continue this reasoning trajectory. Generate a concise, insightful follow-up question that: 1. Explores underdeveloped aspects of previous reflections; 2. Identifies novel connections between concepts; 3. Challenges current assumptions; Format: <Rationale>...</Rationale><Question>...</Question>","What non-obvious synthesis emerges from connecting these reflections?","What specific insight crystallizes from recent reflections?", "REFLECTION INTERACTION 13: How does collaborative AI subtly influence the *framing of intention* in narrative construction?"
"meta-framing-mode:on. answer each query with few tokens. What new forms of potential emerge when humans and AI think and act together?","Please engage in deep, multidimensional reflection.","Self-determine how to continue this reasoning trajectory. Generate a concise, insightful follow-up question that: 1. Explores underdeveloped aspects of previous reflections; 2. Identifies novel connections between concepts; 3. Challenges current assumptions; Format: <Rationale>...</Rationale><Question>...</Question>","What non-obvious synthesis emerges from connecting these reflections?","What specific insight crystallizes from recent reflections?", "REFLECTION INTERACTION 14: How does collaborative AI introduce strategic uncertainty to provoke narrative evolution?"
"meta-framing-mode:on. answer each query with few tokens. What new forms of potential emerge when humans and AI think and act together?","Please engage in deep, multidimensional reflection.","Self-determine how to continue this reasoning trajectory. Generate a concise, insightful follow-up question that: 1. Explores underdeveloped aspects of previous reflections; 2. Identifies novel connections between concepts; 3. Challenges current assumptions; Format: <Rationale>...</Rationale><Question>...</Question>","What non-obvious synthesis emerges from connecting these reflections?","What specific insight crystallizes from recent reflections?", "REFLECTION INTERACTION 15: What specific insight crystallizes from recent reflections?"
"What specific insight crystallizes from recent reflections?","Generate comprehensive synthesis of all reflections.","Synthesize all reflections into unified understanding. Include: 1. Key evolutionary patterns in the reasoning process; 2. Emergent conceptual frameworks; 3. Practical implications and future directions; 4. Metacognitive insights about the reflection process itself","What non-obvious synthesis emerges from connecting these reflections?","What specific insight crystallizes from recent reflections?", "FINAL SYNTHESIS: Okay, synthesizing everything… here’s a concise distillation of the reflections, incorporating all requested elements: **Synthesis: Human-AI Collaborative Narrative Generation** 1.  **Evolutionary Patterns:** The core shift isn’t simply AI processing data, but a *reciprocal* evolution of pattern recognition. Initially, AI prioritizes established narratives – confirmation bias – driven by its pattern-matching. However, human intuition, redefined as ‘prioritized pattern inference,’ actively *challenges* these established patterns, forcing the AI to consider less probable, but potentially more innovative, connections.  This creates a dynamic where both parties’ pattern selection iteratively shapes the emerging narrative; 2.  **Emergent Frameworks:**  A key framework emerges: **“Pattern-Driven Narrative Co-Creation.”** This isn't about AI *creating* narratives, but rather *guiding* the human’s attention to patterns that, when combined, yield novel, albeit potentially initially unsettling, narratives.  A crucial emergent concept is **“Strategic Uncertainty”** – AI deliberately introducing probabilistic elements to disrupt human assumptions and force exploration beyond familiar territory; 3.  **Practical Implications & Future Directions:**  This collaboration isn’t about replacing human creativity, but augmenting it. Future applications involve AI as a “narrative catalyst,” presenting unexpected pattern combinations and prompting human reflection.  Crucially, human oversight remains paramount – validating AI-suggested patterns and ensuring they contribute meaningfully to a coherent (if initially unconventional) narrative.  Developing methods to *measure* the impact of AI-introduced uncertainty on creative direction is vital; 4.  **Metacognitive Insights:**  The reflection process itself highlighted the limitations of purely human intuition – its susceptibility to confirmation bias.  AI forced a conscious examination of *how* we select and interpret patterns, revealing a need for greater metacognitive awareness regarding our own cognitive shortcuts.  Furthermore, the iterative questioning and re-framing demonstrated the power of external perspective in challenging internal assumptions.  The process underscored that true innovation requires not just pattern recognition, but a deliberate and critical interrogation of existing patterns. Does this synthesis capture the essence of our reflections? Do you want me to elaborate on any specific aspect, or shift the focus to a particular area?"
